timestamp,user_id,ad_campaign_id,conversion_type
2023-10-07 16:11:30,82650,5,visit
2023-09-26 11:02:45,84635,7,visit
2023-11-16 08:11:21,11419,3,visit
2023-09-06 17:05:35,64297,10,purchase
2023-12-07 16:47:10,16923,8,purchase
2023-09-22 05:39:29,66297,2,signup
2023-06-06 07:30:17,84153,3,purchase
2023-02-19 05:26:00,23809,5,purchase
2023-05-14 19:56:18,88375,2,signup
2023-08-26 16:54:06,78824,1,purchase
2023-06-13 23:04:56,47409,7,purchase
2023-07-23 04:11:15,18032,5,visit
2023-04-15 15:08:51,86004,3,visit
2023-07-27 10:28:33,82841,9,signup
2023-01-07 10:00:21,76780,6,visit
2023-11-07 08:46:05,65561,3,purchase
2023-08-07 06:00:13,60837,10,signup
2023-02-13 06:53:25,30935,3,visit
2023-02-26 12:17:13,11969,7,visit
2023-02-26 13:12:11,76079,1,visit
2023-09-24 01:57:33,17369,1,purchase
2023-08-27 03:18:14,21268,2,purchase
2023-03-04 03:39:04,59573,1,visit
2023-11-20 06:53:40,16234,4,signup
2023-04-01 04:25:16,69767,5,visit
2023-04-11 11:26:07,64080,1,purchase
2023-09-03 09:17:57,52490,10,purchase
2023-11-04 21:22:14,59155,4,purchase
2023-08-14 03:53:04,92711,4,purchase
2023-02-02 02:52:08,61494,8,purchase
2023-06-03 22:02:53,28998,9,visit
2023-05-26 04:18:12,45888,10,purchase
2023-11-04 23:10:13,42259,8,purchase
2023-12-04 01:34:48,18712,10,signup
2023-03-06 01:16:25,80340,10,purchase
2023-01-22 00:52:35,25914,4,signup
2023-02-23 20:34:15,35276,4,signup
2023-04-28 20:28:28,49651,8,purchase
2023-08-14 16:22:28,76868,3,visit
2023-05-07 23:04:51,33189,5,visit
2023-01-04 06:47:52,35084,9,purchase
2023-10-02 08:33:18,86410,2,purchase
2023-05-26 16:05:10,34507,10,signup
2023-10-15 12:47:09,11289,6,visit
2023-04-08 19:44:50,82202,3,signup
2023-09-22 11:46:29,69910,9,signup
2023-02-24 23:53:50,18846,6,purchase
2023-06-26 00:04:05,47116,2,visit
2023-11-29 13:55:55,38749,3,signup
2023-10-13 17:41:13,45409,3,visit
2023-04-04 02:06:31,81149,1,purchase
2023-10-23 16:52:01,22641,1,visit
2023-03-11 19:55:20,88845,2,visit
2023-08-05 10:24:48,46748,10,visit
2023-12-12 16:48:50,86960,8,signup
2023-03-18 11:14:57,90927,6,purchase
2023-12-03 22:30:49,68428,1,purchase
2023-12-20 03:50:08,56005,1,signup
2023-08-26 12:04:43,20695,1,signup
2023-09-04 15:19:08,79839,10,signup
2023-07-30 12:12:48,50727,4,visit
2023-04-30 22:23:27,29684,4,visit
2023-05-14 16:38:59,20604,4,visit
2023-06-23 10:55:16,62943,1,purchase
2023-09-25 22:14:31,94319,4,purchase
2023-04-30 10:15:34,82701,5,signup
2023-10-16 06:28:59,23142,5,visit
2023-09-29 22:34:12,47431,9,purchase
2023-01-06 12:07:01,70160,6,visit
2023-05-22 18:26:28,32489,8,purchase
2023-07-18 00:18:21,33893,1,visit
2023-07-05 10:24:07,94611,3,purchase
2023-11-11 10:44:37,64560,10,signup
2023-08-24 23:27:58,88172,3,purchase
2023-01-05 09:07:16,24945,9,purchase
2023-05-09 00:43:18,94443,8,purchase
2023-10-27 19:51:34,85193,8,visit
2023-10-31 08:32:55,50684,9,visit
2023-07-23 05:37:15,95044,8,purchase
2023-06-20 17:22:33,99990,10,purchase
2023-09-12 04:31:50,48069,1,purchase
2023-12-04 08:48:32,63036,10,signup
2023-04-04 01:50:55,17071,8,signup
2023-11-09 08:46:20,94553,7,purchase
2023-07-14 14:02:47,18126,6,signup
2023-08-03 15:53:41,22360,1,signup
2023-12-13 10:17:56,33789,6,signup
2023-10-01 18:48:18,71306,10,visit
2023-05-22 01:20:24,29239,1,visit
2023-11-25 09:58:38,45280,4,visit
2023-05-08 08:04:51,52449,5,signup
2023-11-16 14:37:34,75918,6,signup
2023-01-03 22:35:32,87624,4,signup
2023-07-17 18:15:31,98938,10,visit
2023-06-22 07:16:00,77738,3,purchase
2023-10-01 09:32:14,10681,2,signup
2023-11-04 23:17:07,36821,7,purchase
2023-09-27 23:15:35,10885,8,visit
2023-07-01 11:23:37,77492,8,signup
2023-09-17 07:36:36,22083,9,visit
2023-02-16 06:59:59,57057,10,signup
2023-04-25 18:05:42,57752,10,visit
2023-02-02 11:46:26,24122,3,signup
2023-09-27 00:37:43,27965,2,visit
2023-05-12 13:37:12,90449,3,purchase
2023-04-13 22:20:56,79984,6,visit
2023-03-13 20:25:20,43227,1,purchase
2023-07-29 20:36:21,93013,4,signup
2023-10-19 15:18:25,78441,5,purchase
2023-10-15 15:07:01,87403,7,visit
2023-05-02 03:05:48,81417,4,signup
2023-03-31 15:45:55,18380,5,visit
2023-11-19 03:15:29,75443,4,visit
2023-02-02 13:45:21,45289,10,purchase
2023-11-14 07:07:44,23694,1,purchase
2023-01-14 00:34:00,86120,5,visit
2023-11-01 02:48:57,62841,2,purchase
2023-08-13 17:27:55,88738,3,visit
2023-05-27 13:38:48,81140,2,signup
2023-01-11 17:08:00,56730,3,purchase
2023-06-18 03:35:27,95116,6,purchase
2023-06-18 10:11:34,53124,1,signup
2023-06-14 07:33:23,39661,6,purchase
2023-01-07 13:42:53,28579,10,visit
2023-07-16 03:47:16,63946,3,visit
2023-07-02 12:40:56,76884,6,visit
2023-02-17 11:43:54,82464,1,visit
2023-10-10 16:39:10,78432,4,signup
2023-04-08 04:04:17,38536,1,signup
2023-03-04 23:52:34,93644,2,signup
2023-10-18 16:47:06,83697,4,purchase
2023-09-19 21:44:22,53098,9,purchase
2023-10-09 17:58:25,68879,5,purchase
2023-11-25 12:01:56,94052,3,signup
2023-11-05 20:29:11,48681,2,purchase
2023-07-20 12:57:29,88491,5,visit
2023-04-01 09:18:39,29257,8,purchase
2023-11-15 22:34:19,94391,1,visit
2023-03-20 19:42:50,57672,1,purchase
2023-01-03 02:05:36,48863,10,purchase
2023-10-06 06:05:12,21941,3,signup
2023-06-01 21:25:12,12796,4,purchase
2023-12-08 14:05:45,69621,4,purchase
2023-12-27 20:11:29,64996,6,purchase
2023-03-14 21:48:12,42904,3,visit
2023-11-18 00:18:00,41226,9,visit
2023-02-09 02:44:01,30356,4,signup
2023-07-02 02:52:19,46129,8,signup
2023-11-13 04:19:50,68842,5,visit
2023-11-10 14:52:25,30892,9,purchase
2023-04-02 17:24:23,81938,8,visit
2023-08-21 08:46:01,84884,2,signup
2023-06-10 22:37:43,28998,7,signup
2023-07-12 03:03:31,74315,9,purchase
2023-04-09 08:30:44,71974,4,signup
2023-12-11 19:04:56,55847,3,signup
2023-09-25 01:41:12,15809,4,visit
2023-10-13 13:36:41,95313,9,visit
2023-05-18 12:01:28,76237,4,purchase
2023-04-15 14:08:27,47396,3,purchase
2023-04-28 13:04:54,90546,1,signup
2023-10-31 19:17:47,30246,3,purchase
2023-04-17 08:52:14,62647,4,visit
2023-01-15 05:46:32,44506,2,signup
2023-07-07 22:39:10,75733,3,signup
2023-05-20 14:03:56,24315,5,purchase
2023-08-20 21:22:46,70437,6,signup
2023-10-04 19:56:33,25059,4,purchase
2023-10-28 03:34:19,65110,7,purchase
2023-08-06 23:36:46,68333,4,visit
2023-03-11 22:19:21,49735,6,visit
2023-05-16 14:23:00,78345,5,signup
2023-09-05 06:58:46,91585,7,signup
2023-03-21 23:34:07,40702,6,signup
2023-01-17 11:22:56,75841,7,visit
2023-06-21 14:21:14,95837,1,purchase
2023-11-04 03:19:53,12569,8,signup
2023-12-23 23:07:23,77574,3,purchase
2023-12-23 00:01:13,86802,5,visit
2023-01-15 02:15:52,22628,9,purchase
2023-02-28 19:45:19,45882,1,signup
2023-08-31 02:59:20,66300,4,signup
2023-10-30 13:11:35,19904,3,visit
2023-08-03 23:02:28,66210,10,purchase
2023-08-28 02:11:26,28201,6,signup
2023-08-29 10:57:04,90989,3,visit
2023-06-26 10:11:16,73750,9,purchase
2023-03-08 23:35:16,51780,8,purchase
2023-04-23 07:03:08,33243,5,purchase
2023-01-29 20:36:58,29814,1,purchase
2023-10-22 04:57:33,83494,10,purchase
2023-11-13 00:27:33,55911,5,visit
2023-09-18 11:31:06,61361,4,visit
2023-10-06 20:48:35,63377,1,signup
2023-07-02 11:50:33,31591,7,signup
2023-10-05 10:16:53,62343,2,signup
2023-11-24 21:46:05,98884,8,purchase
2023-09-30 20:07:49,57815,3,visit
2023-09-07 17:53:16,49608,4,purchase
2023-01-08 13:45:29,46759,6,visit
2023-01-20 14:02:39,80393,5,purchase
2023-12-06 17:39:43,35940,7,purchase
2023-05-02 22:21:47,30377,10,visit
2023-07-19 15:18:15,86696,10,visit
2023-10-03 06:15:45,46085,7,purchase
2023-06-20 12:37:34,10141,1,purchase
2023-06-27 20:37:28,11225,10,purchase
2023-01-31 19:45:12,51999,4,signup
2023-12-09 19:00:42,20872,10,signup
2023-04-22 15:11:58,87540,8,purchase
2023-08-22 20:30:59,11354,9,purchase
2023-10-27 20:29:21,92136,8,visit
2023-05-23 00:55:37,77022,6,purchase
2023-06-09 01:40:25,69695,4,purchase
2023-10-20 15:57:02,30107,3,signup
2023-07-18 03:16:56,60424,4,signup
2023-02-16 00:30:23,98430,1,visit
2023-02-02 07:11:38,29455,3,signup
2023-08-14 06:17:23,22890,7,signup
2023-03-23 14:00:37,72599,7,signup
2023-08-11 10:07:27,60876,3,visit
2023-02-10 21:57:19,51953,1,purchase
2023-10-23 02:08:45,81868,6,visit
2023-09-25 04:21:54,76422,7,visit
2023-07-09 06:11:06,50248,8,purchase
2023-01-24 12:10:04,99645,5,purchase
2023-03-29 16:37:17,70564,1,purchase
2023-05-04 00:49:24,19722,4,purchase
2023-11-13 14:26:09,81128,9,signup
2023-04-20 07:02:51,76746,10,signup
2023-08-25 23:23:19,79969,10,visit
2023-01-30 19:07:32,61734,10,visit
2023-08-19 15:21:32,93311,5,signup
2023-08-06 09:29:49,85358,1,signup
2023-07-25 11:00:38,32895,4,visit
2023-04-09 12:30:01,45308,7,purchase
2023-11-27 11:36:17,72175,3,purchase
2023-02-12 21:13:17,29921,1,signup
2023-06-21 03:39:38,27980,9,visit
2023-04-12 08:17:33,58573,10,visit
2023-04-12 01:10:42,78970,3,visit
2023-01-29 12:19:06,49913,7,signup
2023-07-20 15:54:07,19515,8,visit
2023-08-03 13:02:44,95709,1,visit
2023-06-23 23:30:10,30639,5,visit
2023-10-11 11:01:39,75466,10,visit
2023-05-27 03:26:08,28545,9,visit
2023-10-09 06:47:09,62686,1,purchase
2023-07-24 19:57:46,37678,7,purchase
2023-09-29 11:24:33,30057,7,purchase
2023-01-15 22:21:39,30738,7,signup
2023-07-10 23:37:01,48763,2,signup
2023-08-27 19:58:22,86596,7,visit
2023-04-26 01:11:44,20333,4,visit
2023-04-03 02:05:36,92602,2,signup
2023-08-29 17:58:43,25814,3,signup
2023-05-22 01:19:49,14503,6,visit
2023-02-04 00:57:12,37185,4,signup
2023-03-28 01:48:25,65497,5,visit
2023-12-17 02:13:33,31173,3,signup
2023-05-19 12:25:05,47756,7,purchase
2023-03-09 05:07:12,94010,3,visit
2023-02-24 07:48:57,12890,2,signup
2023-01-24 20:05:24,58599,6,visit
2023-09-14 09:06:32,12938,5,purchase
2023-10-06 18:20:52,86582,9,visit
2023-01-14 15:33:26,69878,2,visit
2023-12-07 07:47:44,82113,3,purchase
2023-07-14 19:00:07,52589,7,visit
2023-12-12 07:22:23,18035,4,signup
2023-07-21 03:43:41,77464,3,signup
2023-09-21 15:19:18,71349,9,visit
2023-06-09 23:46:28,83336,3,visit
2023-05-13 02:28:04,46570,4,visit
2023-12-27 19:20:19,57536,3,visit
2023-08-04 11:22:22,36965,1,purchase
2023-02-09 00:41:32,86619,7,purchase
2023-04-01 10:37:18,20227,6,signup
2023-08-06 14:26:35,43364,1,visit
2023-01-26 21:48:18,46093,2,purchase
2023-05-27 07:46:42,21669,3,signup
2023-08-20 12:21:14,76516,7,visit
2023-12-13 19:19:27,80060,2,signup
2023-10-17 11:31:31,78123,7,purchase
2023-11-23 18:19:40,86668,7,purchase
2023-04-28 23:41:59,16957,8,purchase
2023-08-27 17:31:42,73078,4,signup
2023-07-20 20:08:46,10846,1,signup
2023-03-20 03:25:17,25204,6,signup
2023-05-25 18:56:57,81556,5,purchase
2023-08-12 04:56:25,86785,10,visit
2023-03-21 02:00:47,93935,10,signup
2023-02-11 06:06:17,57285,5,purchase
2023-02-13 12:51:29,66132,9,visit
2023-07-09 21:03:35,31367,5,signup
2023-12-26 23:11:30,49134,3,signup
2023-07-02 19:01:56,98301,1,visit
2023-02-17 00:00:46,42224,6,purchase
2023-01-05 09:00:02,81545,9,signup
2023-09-03 21:57:16,78142,8,purchase
2023-02-28 12:33:26,54440,9,purchase
2023-10-22 00:35:42,50796,5,visit
2023-04-24 18:06:34,99552,3,visit
2023-12-24 08:53:14,97085,2,signup
2023-01-21 04:27:55,34939,4,purchase
2023-04-13 16:29:39,53743,9,purchase
2023-07-27 06:47:33,58025,6,visit
2023-06-26 21:09:53,42829,3,purchase
2023-02-27 08:30:42,43937,5,visit
2023-07-07 16:33:14,89896,6,signup
2023-07-19 17:41:04,87261,7,visit
2023-05-19 11:58:00,35187,3,purchase
2023-12-09 16:42:04,15766,9,signup
2023-09-21 16:13:48,56226,3,signup
2023-08-10 15:34:23,91402,8,signup
2023-12-10 07:18:58,22451,5,purchase
2023-03-21 15:43:52,20425,10,visit
2023-08-29 04:03:58,93199,5,visit
2023-05-15 01:12:04,58050,1,visit
2023-08-30 14:00:29,56041,10,visit
2023-10-10 07:02:57,13823,6,visit
2023-07-30 08:27:02,88116,7,signup
2023-08-21 09:58:50,40862,5,purchase
2023-06-13 01:04:19,96696,2,visit
2023-11-02 11:34:14,30645,10,signup
2023-02-03 19:34:03,48992,2,purchase
2023-03-13 06:37:15,82840,5,visit
2023-07-14 22:39:46,22194,3,visit
2023-05-23 10:42:16,67608,6,purchase
2023-11-28 12:38:45,31759,8,visit
2023-12-31 03:10:10,84875,3,signup
2023-03-11 18:13:01,93950,2,purchase
2023-04-15 11:51:03,97937,10,signup
2023-06-21 00:17:41,61672,1,signup
2023-04-18 16:34:57,76643,7,signup
2023-08-08 09:16:50,95969,2,visit
2023-10-06 04:54:49,52366,3,purchase
2023-06-13 22:00:37,69271,7,purchase
2023-04-04 03:05:18,84004,6,purchase
2023-11-09 02:47:43,56299,2,visit
2023-11-21 13:35:17,33438,10,visit
2023-12-26 12:07:43,19281,2,signup
2023-02-15 11:47:49,22336,4,visit
2023-10-28 08:14:26,41180,8,visit
2023-05-06 20:37:54,10564,5,signup
2023-04-26 20:00:59,11784,5,purchase
2023-05-20 15:36:41,30908,7,purchase
2023-06-05 18:18:37,20513,9,signup
2023-06-03 09:31:23,65984,1,purchase
2023-01-30 14:40:56,95223,7,signup
2023-11-04 02:55:50,33774,6,signup
2023-10-10 07:03:34,13923,6,visit
2023-11-12 17:06:17,64435,3,signup
2023-03-05 03:52:44,47611,6,visit
2023-08-31 05:24:11,97327,9,purchase
2023-10-05 16:15:50,99490,8,visit
2023-01-03 04:20:38,73778,8,signup
2023-05-20 15:37:27,68615,10,signup
2023-12-08 13:46:23,97740,10,visit
2023-09-02 21:05:10,31467,8,signup
2023-10-02 11:36:23,75766,7,signup
2023-12-25 21:29:10,67153,7,purchase
2023-05-31 13:46:55,89050,9,visit
2023-01-19 05:58:23,90374,8,signup
2023-07-25 07:37:48,99163,6,purchase
2023-07-22 14:30:50,37534,6,signup
2023-05-07 08:14:42,32211,10,purchase
2023-11-21 13:55:25,98769,6,signup
2023-11-28 08:48:24,90470,7,purchase
2023-06-20 09:49:24,55553,4,signup
2023-08-13 11:35:41,54763,10,visit
2023-01-15 11:07:13,35941,6,purchase
2023-05-21 13:21:03,65144,8,purchase
2023-03-03 03:34:18,17972,3,purchase
2023-03-20 09:24:48,27110,2,visit
2023-01-14 14:01:52,38450,10,purchase
2023-08-29 11:32:58,40432,1,purchase
2023-07-10 07:45:01,72757,2,purchase
2023-11-18 18:12:13,36293,6,purchase
2023-10-01 05:19:30,86855,7,purchase
2023-05-17 07:57:01,36329,9,visit
2023-04-28 17:57:08,95773,10,visit
2023-12-10 16:41:46,54590,10,visit
2023-07-30 18:53:12,63925,9,purchase
2023-06-08 16:21:05,35535,5,signup
2023-09-01 06:40:08,31201,4,purchase
2023-07-01 21:27:31,61353,2,purchase
2023-05-25 10:04:42,78456,3,purchase
2023-05-29 05:55:42,83281,3,purchase
2023-12-10 02:59:21,35703,10,purchase
2023-08-10 19:01:59,36451,10,signup
2023-03-18 22:45:44,89539,9,signup
2023-09-30 21:36:10,66316,2,signup
2023-07-11 12:49:00,41722,9,visit
2023-05-02 16:51:38,52569,1,purchase
2023-04-03 01:02:03,32754,4,purchase
2023-05-19 16:13:54,40783,2,purchase
2023-09-20 17:05:16,63350,10,visit
2023-07-19 13:08:04,40371,10,signup
2023-02-03 10:33:55,77278,10,signup
2023-05-05 12:02:50,31518,8,visit
2023-05-02 20:11:51,82363,9,purchase
2023-11-30 13:22:33,67481,6,visit
2023-04-09 01:00:16,62026,3,visit
2023-10-13 08:06:10,56536,4,signup
2023-08-26 05:14:29,10934,6,visit
2023-12-30 09:36:36,46711,9,visit
2023-04-21 23:16:54,94644,2,visit
2023-11-14 08:59:25,18716,3,signup
2023-05-19 08:59:11,70631,8,signup
2023-04-20 16:18:28,84515,5,signup
2023-08-04 04:58:44,30685,4,signup
2023-02-19 23:59:34,13756,6,visit
2023-03-17 03:23:10,71390,8,signup
2023-02-01 09:09:00,34924,1,visit
2023-10-04 16:10:23,26533,8,purchase
2023-05-22 15:23:22,62655,3,purchase
2023-10-23 18:49:38,14490,10,visit
2023-12-25 08:52:13,82691,1,purchase
2023-03-19 03:49:03,50302,6,signup
2023-12-24 00:54:10,76359,2,purchase
2023-05-12 07:46:02,79064,3,purchase
2023-07-23 17:31:48,17054,4,signup
2023-03-05 07:10:57,64486,2,purchase
2023-05-30 12:12:46,96496,3,signup
2023-07-23 05:12:09,72440,3,visit
2023-09-06 00:12:41,78027,6,visit
2023-09-23 22:31:25,35128,5,purchase
2023-11-07 03:47:44,22168,7,visit
2023-03-19 12:03:07,68453,10,purchase
2023-09-05 18:12:44,65280,9,signup
2023-07-27 19:04:07,56295,8,signup
2023-03-30 21:56:27,48719,9,visit
2023-01-17 15:00:47,18040,1,visit
2023-01-02 22:02:50,77766,2,signup
2023-11-16 05:47:43,20182,10,purchase
2023-08-28 11:19:51,99898,2,visit
2023-10-07 22:28:50,76743,8,purchase
2023-03-31 18:38:14,14850,6,visit
2023-07-22 02:18:15,56236,9,visit
2023-12-27 21:06:02,97288,2,signup
2023-03-20 03:12:19,65873,4,purchase
2023-02-04 17:11:51,93719,7,purchase
2023-12-24 02:29:18,12817,7,purchase
2023-12-23 03:02:17,35659,7,visit
2023-06-16 02:14:12,40819,6,signup
2023-04-15 08:08:33,63453,2,purchase
2023-07-18 21:11:24,41035,5,signup
2023-08-20 10:59:26,88417,10,visit
2023-09-17 19:51:49,25019,9,visit
2023-06-26 14:44:05,96985,5,visit
2023-06-16 21:09:38,87930,8,purchase
2023-08-30 21:39:25,20067,2,signup
2023-10-08 16:20:32,46573,8,visit
2023-10-08 10:51:41,54717,4,visit
2023-08-20 14:45:13,35138,2,signup
2023-06-29 18:17:45,37562,4,signup
2023-10-09 05:12:00,55929,9,purchase
2023-06-18 16:41:08,58937,5,signup
2023-09-01 13:40:44,81968,8,visit
2023-09-10 12:48:05,73564,5,signup
2023-09-06 13:43:39,30924,5,visit
2023-05-08 23:10:37,75212,10,visit
2023-04-08 16:18:36,78804,10,signup
2023-01-26 18:36:25,65454,7,signup
2023-06-19 16:03:10,18534,2,signup
2023-04-12 20:32:13,78202,7,purchase
2023-11-18 02:51:02,30723,7,visit
2023-10-02 00:38:46,19907,1,signup
2023-03-06 23:01:23,58364,2,visit
2023-08-03 14:04:59,97654,9,signup
2023-01-31 17:20:04,24151,3,purchase
2023-10-10 21:49:19,48714,6,purchase
2023-01-29 07:58:08,29784,8,visit
2023-08-29 05:41:31,68055,4,signup
2023-07-06 15:34:17,52372,2,signup
2023-09-20 02:20:32,68149,1,purchase
2023-09-19 17:28:23,98860,9,signup
2023-09-02 16:20:53,24768,8,visit
2023-11-11 01:26:48,90784,6,signup
2023-10-15 21:27:55,87528,9,visit
2023-08-01 09:56:32,22230,2,signup
2023-05-10 13:19:11,84319,8,visit
2023-01-20 22:43:40,62718,2,purchase
2023-11-03 16:12:25,85030,3,signup
2023-12-01 01:45:02,41710,8,visit
2023-11-16 04:51:00,71881,3,purchase
2023-06-12 07:06:57,95582,9,purchase
2023-04-08 19:36:44,43489,8,signup
2023-03-31 13:56:17,30083,2,signup
2023-01-08 01:19:56,36384,8,visit
2023-05-13 22:47:16,78070,2,visit
2023-12-24 17:37:52,34191,9,visit
2023-11-14 12:01:02,65171,2,purchase
2023-01-09 13:10:51,62976,6,purchase
2023-03-06 03:18:41,16850,4,signup
2023-02-06 17:34:48,52074,4,signup
2023-02-25 12:59:34,79366,8,purchase
2023-01-25 02:27:48,59647,6,purchase
2023-02-06 12:26:12,74657,5,visit
2023-01-04 16:18:32,66859,2,purchase
2023-01-02 04:16:46,63182,5,signup
2023-12-05 05:48:48,33026,8,signup
2023-04-27 03:50:58,36357,8,purchase
2023-08-01 21:35:35,55516,4,signup
2023-07-31 13:36:44,73079,4,purchase
2023-01-09 11:33:57,69760,9,purchase
2023-09-06 12:22:20,76594,2,visit
2023-10-07 00:17:19,74739,5,purchase
2023-06-08 13:23:27,16870,2,purchase
2023-02-07 22:08:12,66231,9,signup
2023-09-18 16:27:43,88905,3,purchase
2023-07-06 14:43:14,80120,3,visit
2023-06-21 01:09:25,29495,4,purchase
2023-05-05 10:30:04,45107,5,visit
2023-06-26 13:38:24,70821,4,purchase
2023-04-17 03:02:41,70705,4,purchase
2023-04-20 01:57:59,91457,6,visit
2023-11-24 02:30:49,57665,2,purchase
2023-01-15 09:41:42,68619,9,signup
2023-04-17 04:56:37,15535,1,visit
2023-12-13 02:49:01,42248,6,visit
2023-06-08 05:39:01,65982,10,visit
2023-08-17 16:55:04,11539,4,signup
2023-06-02 07:32:23,33685,2,signup
2023-08-08 19:42:21,80482,6,signup
2023-06-17 20:53:42,18009,10,purchase
2023-07-14 20:46:55,85705,7,purchase
2023-06-30 16:08:01,45036,3,signup
2023-09-28 11:41:40,97718,10,visit
2023-01-26 17:28:06,25608,2,visit
2023-09-13 17:04:32,74885,8,visit
2023-03-29 13:29:46,55094,8,purchase
2023-05-16 19:09:44,42257,6,purchase
2023-07-04 17:47:50,16156,9,purchase
2023-11-11 15:14:48,31627,3,signup
2023-04-16 05:03:43,97271,9,signup
2023-04-27 11:06:26,98649,8,purchase
2023-01-26 06:31:42,49156,6,signup
2023-01-11 14:46:49,47240,4,visit
2023-08-02 01:26:10,10042,1,purchase
2023-01-06 11:02:08,11162,10,visit
2023-03-14 01:04:19,80927,6,visit
2023-11-23 09:01:58,18253,5,purchase
2023-10-02 17:11:18,78708,9,purchase
2023-05-21 08:39:59,63251,4,visit
2023-12-30 07:45:15,29884,8,signup
2023-07-30 02:58:18,26880,1,signup
2023-10-06 21:51:03,56074,3,visit
2023-02-02 05:10:34,69973,5,signup
2023-02-06 18:01:52,23017,3,purchase
2023-08-01 04:01:15,80948,9,visit
2023-01-17 21:32:32,65831,3,visit
2023-04-28 05:29:37,30485,5,visit
2023-08-24 18:22:50,25246,2,signup
2023-03-14 14:22:46,31147,2,visit
2023-08-29 00:46:52,60995,4,visit
2023-12-17 07:59:15,89498,5,visit
2023-04-29 01:06:52,72649,9,purchase
2023-06-15 23:02:04,83873,2,signup
2023-03-17 13:55:53,32858,1,purchase
2023-02-09 03:58:36,41730,7,purchase
2023-12-16 08:27:23,12080,1,signup
2023-05-26 03:45:15,14909,2,purchase
2023-12-29 20:06:47,90276,7,signup
2023-03-06 09:45:47,88341,6,signup
2023-11-24 01:38:48,13435,9,purchase
2023-02-23 18:43:43,97838,6,signup
2023-04-09 00:57:42,67203,2,signup
2023-06-17 17:10:15,75510,9,signup
2023-09-28 00:44:32,39888,9,signup
2023-02-07 22:47:06,46729,1,signup
2023-05-27 15:39:29,34353,9,purchase
2023-12-12 11:40:17,64554,1,signup
2023-07-05 11:05:43,21068,2,purchase
2023-05-31 22:40:25,29104,7,purchase
2023-07-26 03:44:42,40392,9,purchase
2023-02-13 18:53:40,18343,2,signup
2023-06-21 04:21:23,53075,5,visit
2023-02-18 00:03:11,72060,8,signup
2023-02-13 07:45:30,63241,3,visit
2023-05-01 16:50:07,12184,10,purchase
2023-05-11 17:30:29,20346,2,purchase
2023-10-07 20:42:27,60620,7,signup
2023-10-22 04:24:28,16356,3,purchase
2023-08-06 08:12:17,87460,10,purchase
2023-01-12 11:38:40,24742,5,purchase
2023-10-22 04:44:08,84009,3,visit
2023-04-05 19:00:58,57316,2,purchase
2023-02-24 15:50:32,84216,3,signup
2023-01-17 17:04:54,28971,10,visit
2023-01-16 03:01:20,73141,1,signup
2023-10-22 10:58:42,50549,10,visit
2023-09-29 13:59:11,91253,3,purchase
2023-01-03 10:46:22,14143,1,visit
2023-12-03 06:24:31,64621,8,purchase
2023-01-10 12:59:03,52547,10,purchase
2023-10-05 06:02:14,19758,3,visit
2023-06-03 17:03:50,34255,9,signup
2023-10-18 00:16:25,53784,5,visit
2023-11-13 23:54:29,89808,1,signup
2023-07-05 16:49:42,89965,1,signup
2023-07-22 11:06:35,81595,8,signup
2023-04-07 13:56:28,85884,5,signup
2023-05-01 20:25:59,74076,3,visit
2023-10-31 21:12:54,20736,4,visit
2023-03-19 00:59:21,70471,5,purchase
2023-01-13 20:34:01,72188,3,purchase
2023-02-06 05:07:57,56289,3,signup
2023-09-23 17:45:05,21320,1,visit
2023-09-11 05:02:03,31108,2,visit
2023-08-01 05:01:32,57191,7,visit
2023-07-01 16:30:19,86093,1,signup
2023-02-27 11:14:36,31864,10,purchase
2023-02-05 23:44:48,83877,2,signup
2023-12-11 04:30:31,29079,8,purchase
2023-10-07 17:26:24,87281,3,signup
2023-02-18 01:16:40,79916,5,visit
2023-03-13 11:18:50,63728,2,purchase
2023-05-11 04:09:09,39879,1,visit
2023-07-31 06:31:21,28823,4,signup
2023-09-15 08:27:46,17891,1,purchase
2023-11-20 04:10:40,80371,3,purchase
2023-04-03 08:05:13,70803,2,signup
2023-08-27 23:14:36,52528,3,purchase
2023-03-30 04:51:00,25162,5,purchase
2023-07-26 17:05:58,68766,3,purchase
2023-05-17 00:20:00,68787,4,signup
2023-02-19 21:20:16,70499,5,signup
2023-03-31 00:53:04,11631,7,signup
2023-07-13 13:28:26,67370,4,purchase
2023-11-11 23:34:40,14800,1,visit
2023-07-28 21:12:45,49638,4,signup
2023-06-11 08:21:23,97150,3,visit
2023-05-02 23:21:40,13559,6,signup
2023-11-04 15:36:22,28173,2,signup
2023-11-03 23:42:07,97030,7,signup
2023-05-11 09:05:38,11539,9,purchase
2023-04-12 14:54:46,67070,8,purchase
2023-10-10 06:11:54,45145,3,signup
2023-10-23 09:19:09,98190,10,visit
2023-10-05 23:23:32,53224,8,purchase
2023-01-25 10:57:19,62099,2,signup
2023-11-29 06:39:01,61301,3,signup
2023-06-10 06:26:20,64421,3,purchase
2023-08-17 22:35:32,49104,2,purchase
2023-04-16 15:04:14,88733,10,visit
2023-03-14 13:51:53,28513,9,visit
2023-11-19 03:53:22,28965,6,visit
2023-12-26 08:14:51,60326,5,purchase
2023-03-17 19:45:20,12987,6,visit
2023-12-10 23:19:42,26219,4,visit
2023-08-01 10:35:00,78023,9,signup
2023-08-28 14:52:50,11490,2,purchase
2023-05-06 06:32:54,48778,1,signup
2023-03-11 13:40:30,25307,6,visit
2023-09-10 14:52:15,72821,1,purchase
2023-04-23 19:26:50,80078,5,signup
2023-12-22 17:00:56,85788,5,purchase
2023-12-03 18:38:52,44500,6,visit
2023-04-18 13:25:24,99141,6,signup
2023-12-13 17:01:01,48956,9,visit
2023-04-05 02:08:48,86962,8,signup
2023-08-28 00:04:25,55386,5,signup
2023-03-08 11:09:20,48110,5,visit
2023-08-12 23:20:50,59523,1,purchase
2023-09-04 19:34:36,40778,10,signup
2023-04-11 03:28:26,75935,8,purchase
2023-01-28 00:42:07,35004,4,signup
2023-10-31 08:12:44,87920,1,purchase
2023-03-18 13:58:33,30031,5,visit
2023-01-02 12:42:16,58627,4,purchase
2023-08-18 02:12:31,32059,8,signup
2023-07-30 19:37:25,42238,4,visit
2023-02-19 21:38:17,12798,8,visit
2023-08-01 12:46:16,27888,2,purchase
2023-07-09 20:48:48,16298,8,purchase
2023-12-15 13:41:11,72735,4,purchase
2023-10-24 20:32:44,23215,8,visit
2023-02-22 22:43:48,35819,6,purchase
2023-11-03 06:53:08,25096,3,visit
2023-08-15 13:13:09,29976,6,signup
2023-03-05 07:42:11,17448,8,purchase
2023-06-13 11:00:58,52655,1,signup
2023-02-02 04:10:26,92584,4,visit
2023-11-12 20:35:02,29735,3,purchase
2023-05-05 17:11:15,70488,7,visit
2023-08-16 03:22:42,92706,10,purchase
2023-02-21 07:54:33,40852,1,purchase
2023-11-13 02:52:21,22604,8,visit
2023-09-27 21:54:30,22329,7,signup
2023-03-12 03:44:06,92664,10,visit
2023-07-22 13:27:36,79716,3,signup
2023-10-31 23:11:36,60818,2,signup
2023-10-21 06:02:29,44021,10,purchase
2023-01-07 09:04:38,94908,7,signup
2023-05-21 01:49:39,87010,6,signup
2023-05-26 00:17:30,60789,4,signup
2023-12-10 04:52:02,64286,3,purchase
2023-08-17 09:30:31,13264,6,purchase
2023-07-16 15:22:40,41517,8,signup
2023-05-27 10:00:50,71851,4,visit
2023-10-24 08:01:34,65695,1,visit
2023-01-10 01:30:06,16784,4,purchase
2023-06-04 23:45:54,53362,9,purchase
2023-10-24 21:32:44,15545,7,signup
2023-11-19 20:10:20,22975,9,visit
2023-11-30 08:34:48,27567,1,signup
2023-01-22 03:50:34,75907,4,signup
2023-08-15 07:59:29,35185,7,signup
2023-06-18 12:23:20,37878,6,visit
2023-10-09 21:49:54,41996,9,visit
2023-02-26 05:09:41,60480,10,purchase
2023-01-15 11:13:46,51689,7,visit
2023-09-15 23:07:02,11462,6,purchase
2023-02-20 06:27:34,22313,7,visit
2023-10-18 12:11:06,59205,2,purchase
2023-09-29 09:31:36,67887,6,visit
2023-04-01 23:49:47,73610,9,visit
2023-05-31 08:51:37,51966,2,visit
2023-06-11 08:40:39,19261,5,signup
2023-02-10 19:53:05,82822,4,signup
2023-08-24 15:34:22,59727,8,purchase
2023-08-14 15:08:13,39006,10,purchase
2023-10-06 04:29:37,92712,6,signup
2023-08-01 05:46:33,65149,8,signup
2023-06-15 13:38:51,90039,3,signup
2023-09-25 12:48:46,66834,1,purchase
2023-04-07 05:43:26,66832,6,purchase
2023-08-04 07:33:41,17835,10,purchase
2023-05-06 12:30:12,59051,5,signup
2023-09-30 18:40:33,58718,9,purchase
2023-10-19 00:29:41,84330,10,visit
2023-03-30 13:35:48,82021,6,purchase
2023-05-10 12:32:06,94885,7,signup
2023-02-14 19:00:58,87592,6,signup
2023-01-04 22:53:23,81952,8,visit
2023-07-11 11:34:47,51978,9,purchase
2023-06-08 00:06:24,26016,7,visit
2023-08-23 01:58:13,24952,9,visit
2023-02-08 00:11:56,84983,6,signup
2023-11-15 11:20:21,58548,6,visit
2023-03-07 18:52:52,33686,9,visit
2023-03-20 16:44:10,16908,7,purchase
2023-07-22 13:22:44,20821,8,signup
2023-09-05 11:14:28,20059,4,purchase
2023-06-27 23:39:37,70957,3,visit
2023-04-19 22:12:45,32871,6,visit
2023-09-13 12:58:53,42570,7,signup
2023-09-25 16:26:37,36498,4,purchase
2023-01-04 10:40:07,25566,3,purchase
2023-03-04 11:24:15,56076,2,visit
2023-06-08 17:21:43,53006,5,visit
2023-08-13 23:15:42,59926,5,purchase
2023-02-25 23:41:08,46045,7,visit
2023-04-27 07:38:33,25316,6,purchase
2023-07-05 07:29:32,16883,9,signup
2023-04-10 13:44:20,40027,6,purchase
2023-03-22 14:19:52,55241,4,purchase
2023-12-19 00:04:42,87509,9,purchase
2023-12-21 17:10:25,98788,6,purchase
2023-07-29 04:44:12,30833,6,visit
2023-09-03 18:47:49,68934,10,signup
2023-07-02 18:28:59,81317,2,purchase
2023-09-26 18:15:44,76490,2,visit
2023-01-26 18:23:07,41757,8,purchase
2023-02-04 00:48:39,97934,2,signup
2023-06-27 18:27:02,24299,5,visit
2023-04-14 05:45:47,13829,4,signup
2023-09-17 10:57:49,27340,7,purchase
2023-09-13 21:18:09,90912,9,visit
2023-08-28 22:40:01,26481,3,signup
2023-10-01 01:31:33,61958,3,signup
2023-01-26 10:52:26,32980,10,purchase
2023-07-26 02:30:52,54708,1,visit
2023-12-16 20:27:54,49013,1,signup
2023-12-24 01:48:48,34198,3,visit
2023-09-26 21:34:04,53940,10,signup
2023-07-19 08:24:29,92900,9,visit
2023-09-16 10:30:19,60279,1,visit
2023-08-09 11:46:38,76970,3,signup
2023-01-25 21:10:37,54179,3,visit
2023-01-26 18:43:40,38395,5,visit
2023-02-24 07:01:17,58743,8,signup
2023-06-21 15:05:10,35012,8,visit
2023-12-26 06:31:44,64808,4,signup
2023-01-15 06:41:34,10114,9,purchase
2023-01-18 08:45:15,48696,9,purchase
2023-04-15 07:40:10,45166,1,visit
2023-02-20 07:51:52,86978,4,purchase
2023-06-11 11:59:55,33236,5,signup
2023-12-28 07:32:37,27524,3,purchase
2023-04-15 15:29:34,99032,1,visit
2023-04-25 22:44:02,77985,2,purchase
2023-09-05 15:45:58,86593,3,signup
2023-10-04 12:03:31,13184,9,purchase
2023-05-01 08:54:39,69882,10,visit
2023-01-23 00:05:33,50898,3,signup
2023-03-11 21:28:44,57850,6,purchase
2023-02-09 03:01:15,51229,2,visit
2023-04-26 06:14:27,26324,7,visit
2023-02-19 12:35:26,71195,3,visit
2023-08-09 12:17:52,92210,1,visit
2023-12-24 13:48:14,94096,7,signup
2023-05-07 21:47:48,99040,8,visit
2023-04-12 05:53:46,26752,3,purchase
2023-03-29 21:21:30,10717,10,visit
2023-10-28 14:22:13,20833,3,purchase
2023-07-10 04:08:47,27826,6,purchase
2023-11-29 14:54:21,53348,1,purchase
2023-08-14 20:38:07,34325,4,signup
2023-07-28 12:02:23,31547,1,visit
2023-07-30 09:21:22,36799,9,visit
2023-12-28 13:54:37,61696,5,visit
2023-01-04 10:39:48,61035,5,signup
2023-10-13 20:50:30,88045,3,purchase
2023-03-06 11:26:31,90287,2,signup
2023-03-22 12:25:53,99491,4,visit
2023-07-15 08:51:38,47139,6,visit
2023-12-18 03:22:55,57928,4,visit
2023-05-10 11:54:24,46264,2,signup
2023-04-15 13:59:19,39044,1,signup
2023-09-11 22:09:36,53121,8,visit
2023-02-06 00:05:04,20444,7,signup
2023-01-15 06:05:30,67151,2,purchase
2023-04-28 02:19:59,96552,5,visit
2023-04-15 20:47:40,67715,1,signup
2023-11-03 05:07:09,85375,4,purchase
2023-08-17 10:21:39,84954,7,visit
2023-02-08 07:53:40,12428,7,visit
2023-02-10 04:17:45,35388,10,signup
2023-08-19 03:40:13,48361,7,signup
2023-01-07 09:52:04,84104,1,purchase
2023-07-08 10:14:52,87384,6,purchase
2023-02-15 12:20:30,92283,9,signup
2023-10-24 21:57:26,98251,8,visit
2023-11-20 23:28:37,40768,6,purchase
2023-01-04 15:08:39,82296,5,purchase
2023-10-04 01:28:33,81300,10,signup
2023-02-03 17:05:55,62709,10,visit
2023-03-25 01:34:48,73012,10,purchase
2023-10-07 11:29:38,68083,4,purchase
2023-08-21 02:58:59,92194,5,purchase
2023-12-02 23:34:56,43883,6,visit
2023-03-16 18:40:03,99000,5,visit
2023-06-20 01:27:41,21171,5,visit
2023-01-25 22:07:33,59130,2,visit
2023-10-10 06:45:46,89701,2,signup
2023-04-20 11:02:01,59937,8,visit
2023-09-25 12:44:43,31211,3,signup
2023-11-23 19:14:02,86316,2,purchase
2023-04-22 05:25:40,90993,6,visit
2023-02-08 13:56:11,54358,5,visit
2023-11-02 00:24:20,82747,1,purchase
2023-10-23 05:50:32,70488,3,signup
2023-05-06 22:58:29,64925,3,signup
2023-02-16 14:30:26,92107,6,purchase
2023-06-07 20:23:01,48118,4,purchase
2023-11-11 02:28:26,27716,9,signup
2023-10-15 11:29:25,78680,4,signup
2023-11-27 09:04:23,38980,6,purchase
2023-10-24 09:03:10,28614,9,signup
2023-01-13 11:54:16,23389,6,signup
2023-05-10 21:05:37,19926,7,visit
2023-02-13 08:08:18,62302,10,signup
2023-06-18 00:38:58,59626,6,signup
2023-10-11 12:17:13,84437,9,visit
2023-01-14 10:34:53,82507,9,purchase
2023-10-18 04:52:36,82909,3,visit
2023-10-28 03:13:22,83522,5,signup
2023-06-30 05:31:41,39291,5,signup
2023-09-13 18:01:34,49640,3,signup
2023-01-26 02:44:30,63636,7,visit
2023-11-10 11:14:26,87427,4,purchase
2023-12-02 20:19:58,74991,7,visit
2023-03-18 17:31:02,95182,7,visit
2023-12-15 19:49:36,19460,10,visit
2023-07-08 11:39:53,40366,4,purchase
2023-01-13 06:54:25,48744,6,purchase
2023-01-04 01:14:58,32695,6,visit
2023-10-09 09:36:10,41745,2,signup
2023-03-04 06:57:57,57462,2,purchase
2023-04-05 00:14:56,42129,5,signup
2023-07-04 21:34:26,51502,1,signup
2023-08-28 18:44:48,21999,10,signup
2023-04-11 18:42:54,20633,3,purchase
2023-11-29 11:19:09,20709,1,visit
2023-01-22 00:42:58,23152,6,purchase
2023-10-03 00:29:46,54884,6,purchase
2023-12-22 11:30:00,26889,10,visit
2023-02-08 03:48:36,83936,7,purchase
2023-01-03 21:05:42,16921,7,visit
2023-03-05 23:06:48,76613,4,purchase
2023-07-04 23:15:36,41729,2,purchase
2023-10-10 10:52:47,66681,1,purchase
2023-03-23 23:12:14,95646,2,purchase
2023-10-17 07:10:45,60732,2,visit
2023-05-24 13:34:54,60875,9,purchase
2023-07-04 04:15:30,27766,7,signup
2023-03-05 10:38:31,94635,5,signup
2023-08-10 18:57:24,53041,6,purchase
2023-06-01 23:10:38,45645,10,visit
2023-11-09 15:04:08,42344,4,signup
2023-03-05 10:51:30,71593,6,visit
2023-10-13 03:01:49,49834,10,signup
2023-07-10 15:53:40,92293,10,purchase
2023-12-23 14:15:26,60149,9,visit
2023-06-14 06:24:49,40281,4,signup
2023-11-13 19:55:28,67588,1,purchase
2023-03-10 11:02:43,87631,6,purchase
2023-11-04 10:26:50,99887,4,visit
2023-09-12 07:59:44,72545,10,signup
2023-03-04 13:14:43,34007,6,visit
2023-04-12 12:49:58,12723,3,visit
2023-02-13 19:57:45,52090,6,visit
2023-02-19 06:22:01,67906,3,signup
2023-04-20 21:05:03,46355,4,purchase
2023-08-22 10:42:44,75617,3,signup
2023-05-24 18:00:46,13895,10,purchase
2023-05-16 15:45:44,17296,2,purchase
2023-09-11 09:06:32,47405,10,visit
2023-10-15 18:39:18,66603,7,signup
2023-09-18 13:32:48,55975,9,visit
2023-05-19 02:40:42,64932,5,signup
2023-11-02 03:14:17,91886,4,purchase
2023-03-29 01:52:09,74265,1,signup
2023-08-24 14:55:35,72143,3,purchase
2023-03-18 12:41:57,49302,9,purchase
2023-05-20 15:26:52,56879,2,signup
2023-06-17 02:57:38,26134,10,purchase
2023-08-26 13:43:16,74343,6,visit
2023-04-29 13:38:16,34135,1,visit
2023-07-26 19:33:16,86163,4,signup
2023-07-29 17:51:39,31628,4,visit
2023-12-17 02:28:15,20451,10,purchase
2023-05-03 02:31:08,41230,4,purchase
2023-03-30 20:54:31,38729,1,purchase
2023-08-13 08:02:55,44621,7,signup
2023-12-09 19:47:52,73150,10,purchase
2023-12-31 00:10:15,66423,10,signup
2023-11-11 11:50:00,59866,8,signup
2023-11-28 21:04:22,70143,6,purchase
2023-03-27 17:18:20,13153,5,visit
2023-12-19 04:24:20,52619,5,purchase
2023-07-28 01:16:01,45657,1,signup
2023-08-25 14:24:06,79836,8,visit
2023-04-04 10:57:19,35644,6,signup
2023-01-03 13:59:16,55990,3,purchase
2023-08-25 04:12:13,64636,3,signup
2023-09-25 18:35:00,32571,1,signup
2023-06-19 13:16:41,63202,1,visit
2023-03-14 16:44:21,58690,1,signup
2023-11-09 08:13:56,67120,3,visit
2023-11-04 22:06:24,43899,8,signup
2023-04-16 18:55:41,36476,6,visit
2023-06-24 02:12:56,85234,5,signup
2023-10-08 05:28:05,79000,5,signup
2023-09-10 03:14:53,78553,4,signup
2023-09-18 00:42:27,70418,1,signup
2023-12-25 12:32:55,31780,2,visit
2023-02-27 08:52:13,85875,2,signup
2023-02-09 11:52:24,81066,5,purchase
2023-01-16 13:51:15,44758,7,signup
2023-11-08 10:44:59,84274,1,signup
2023-07-03 22:14:21,54956,5,signup
2023-03-09 02:47:48,17028,3,signup
2023-05-15 23:01:08,99594,8,signup
2023-03-05 13:19:48,10245,3,signup
2023-02-22 21:59:50,62215,1,visit
2023-04-30 10:42:41,55789,3,purchase
2023-09-12 00:26:28,53420,4,signup
2023-07-20 04:32:28,80595,8,signup
2023-12-02 23:10:25,63726,2,purchase
2023-11-18 09:03:52,94024,2,purchase
2023-10-17 06:39:36,75503,6,visit
2023-04-14 21:00:21,89521,6,visit
2023-02-18 23:46:57,80647,5,visit
2023-09-17 05:20:18,50994,4,purchase
2023-09-01 00:22:37,68194,2,signup
2023-02-23 23:38:50,71529,9,visit
2023-12-30 04:54:21,74535,7,visit
2023-11-24 09:52:24,62516,9,signup
2023-04-07 23:57:44,97307,4,signup
2023-09-20 05:38:30,88738,1,visit
2023-12-15 22:57:06,67048,1,visit
2023-08-10 19:47:05,22125,3,purchase
2023-04-30 03:24:47,42169,1,visit
2023-06-28 20:33:12,70663,6,purchase
2023-10-25 16:24:16,92090,10,purchase
2023-04-18 11:15:09,70376,1,purchase
2023-10-18 02:19:00,76296,10,visit
2023-03-23 16:32:00,35831,5,visit
2023-07-10 13:20:57,99603,5,signup
2023-07-11 12:45:28,62927,7,purchase
2023-06-29 04:28:08,88986,8,purchase
2023-08-08 19:54:54,24543,2,visit
2023-12-30 07:54:05,82745,4,signup
2023-01-04 14:46:29,90525,10,signup
2023-09-08 18:10:27,67840,9,signup
2023-03-13 01:02:09,73595,5,visit
